id,label
1,1.200000
2,2.300000
3,3.400000
